timestamps,open,high,low,close
2021-01-01,10.0,10.0,10.0,10.0
2021-01-02,9.98797202408965,9.98797202408965,9.98797202408965,9.98797202408965
2021-01-03,10.416613420456418,10.416613420456418,10.416613420456418,10.416613420456418
2021-01-04,10.78584766241084,10.78584766241084,10.78584766241084,10.78584766241084
2021-01-05,11.904393628169743,11.904393628169743,11.904393628169743,11.904393628169743
2021-01-06,11.830085024744585,11.830085024744585,11.830085024744585,11.830085024744585
2021-01-07,11.935827064464146,11.935827064464146,11.935827064464146,11.935827064464146
2021-01-08,11.86240662451538,11.86240662451538,11.86240662451538,11.86240662451538
2021-01-09,11.789026414105207,11.789026414105207,11.789026414105207,11.789026414105207
2021-01-10,11.841245129397125,11.841245129397125,11.841245129397125,11.841245129397125
2021-01-11,11.510883819827255,11.510883819827255,11.510883819827255,11.510883819827255
2021-01-12,11.22226259535103,11.22226259535103,11.22226259535103,11.22226259535103
2021-01-13,11.13658833081881,11.13658833081881,11.13658833081881,11.13658833081881
2021-01-14,10.976305352946367,10.976305352946367,10.976305352946367,10.976305352946367
2021-01-15,11.036825517412444,11.036825517412444,11.036825517412444,11.036825517412444
2021-01-16,10.895329428519315,10.895329428519315,10.895329428519315,10.895329428519315
2021-01-17,10.673232980874653,10.673232980874653,10.673232980874653,10.673232980874653
2021-01-18,10.916419728941829,10.916419728941829,10.916419728941829,10.916419728941829
2021-01-19,10.888182831810601,10.888182831810601,10.888182831810601,10.888182831810601
2021-01-20,10.90792226966024,10.90792226966024,10.90792226966024,10.90792226966024
2021-01-21,10.683532970440131,10.683532970440131,10.683532970440131,10.683532970440131
2021-01-22,10.60484083502644,10.60484083502644,10.60484083502644,10.60484083502644
2021-01-23,10.630969453827692,10.630969453827692,10.630969453827692,10.630969453827692
2021-01-24,10.455931565943828,10.455931565943828,10.455931565943828,10.455931565943828
2021-01-25,10.523220402735829,10.523220402735829,10.523220402735829,10.523220402735829
2021-01-26,10.436829179311626,10.436829179311626,10.436829179311626,10.436829179311626
2021-01-27,10.399513275066097,10.399513275066097,10.399513275066097,10.399513275066097
2021-01-28,10.31397104716253,10.31397104716253,10.31397104716253,10.31397104716253
2021-01-29,10.608787377495,10.608787377495,10.608787377495,10.608787377495
2021-01-30,10.61512656958553,10.61512656958553,10.61512656958553,10.61512656958553
2021-01-31,10.455202640067688,10.455202640067688,10.455202640067688,10.455202640067688
2021-02-01,10.592564908228676,10.592564908228676,10.592564908228676,10.592564908228676
2021-02-02,10.407060976078506,10.407060976078506,10.407060976078506,10.407060976078506
2021-02-03,10.447991467392832,10.447991467392832,10.447991467392832,10.447991467392832
2021-02-04,10.149230609568738,10.149230609568738,10.149230609568738,10.149230609568738
2021-02-05,9.955148996516161,9.955148996516161,9.955148996516161,9.955148996516161
2021-02-06,9.992509859734106,9.992509859734106,9.992509859734106,9.992509859734106
2021-02-07,10.111190886347218,10.111190886347218,10.111190886347218,10.111190886347218
2021-02-08,10.14527090010095,10.14527090010095,10.14527090010095,10.14527090010095
2021-02-09,10.13578786951163,10.13578786951163,10.13578786951163,10.13578786951163
2021-02-10,10.098117652028954,10.098117652028954,10.098117652028954,10.098117652028954
2021-02-11,9.882241811002942,9.882241811002942,9.882241811002942,9.882241811002942
2021-02-12,9.783442486447646,9.783442486447646,9.783442486447646,9.783442486447646
2021-02-13,9.723669746596109,9.723669746596109,9.723669746596109,9.723669746596109
2021-02-14,9.885635293536474,9.885635293536474,9.885635293536474,9.885635293536474
2021-02-15,9.944497078134244,9.944497078134244,9.944497078134244,9.944497078134244
2021-02-16,9.68946446069218,9.68946446069218,9.68946446069218,9.68946446069218
2021-02-17,9.7443190338167,9.7443190338167,9.7443190338167,9.7443190338167
2021-02-18,9.695829020124059,9.695829020124059,9.695829020124059,9.695829020124059
2021-02-19,9.605135883716255,9.605135883716255,9.605135883716255,9.605135883716255
2021-02-20,9.700948500490686,9.700948500490686,9.700948500490686,9.700948500490686
2021-02-21,9.858734358367533,9.858734358367533,9.858734358367533,9.858734358367533
2021-02-22,10.00433999546816,10.00433999546816,10.00433999546816,10.00433999546816
2021-02-23,9.886406205977424,9.886406205977424,9.886406205977424,9.886406205977424
2021-02-24,9.8484603436685,9.8484603436685,9.8484603436685,9.8484603436685
2021-02-25,9.905275633455718,9.905275633455718,9.905275633455718,9.905275633455718
2021-02-26,10.058145504617807,10.058145504617807,10.058145504617807,10.058145504617807
2021-02-27,9.993897957926817,9.993897957926817,9.993897957926817,9.993897957926817
2021-02-28,9.97406122327689,9.97406122327689,9.97406122327689,9.97406122327689
2021-03-01,9.816520680792681,9.816520680792681,9.816520680792681,9.816520680792681
2021-03-02,9.64823509138048,9.64823509138048,9.64823509138048,9.64823509138048
2021-03-03,9.773545281737732,9.773545281737732,9.773545281737732,9.773545281737732
2021-03-04,9.980193217945256,9.980193217945256,9.980193217945256,9.980193217945256
2021-03-05,9.97739724861432,9.97739724861432,9.97739724861432,9.97739724861432
2021-03-06,10.13556886202804,10.13556886202804,10.13556886202804,10.13556886202804
2021-03-07,10.198658119640566,10.198658119640566,10.198658119640566,10.198658119640566
2021-03-08,10.108126708784617,10.108126708784617,10.108126708784617,10.108126708784617
2021-03-09,10.1710086987388,10.1710086987388,10.1710086987388,10.1710086987388
2021-03-10,10.413796255145346,10.413796255145346,10.413796255145346,10.413796255145346
2021-03-11,10.416531016070664,10.416531016070664,10.416531016070664,10.416531016070664
2021-03-12,10.669336628431793,10.669336628431793,10.669336628431793,10.669336628431793
2021-03-13,10.258607961791245,10.258607961791245,10.258607961791245,10.258607961791245
2021-03-14,10.393288481788675,10.393288481788675,10.393288481788675,10.393288481788675
2021-03-15,10.415173691949503,10.415173691949503,10.415173691949503,10.415173691949503
2021-03-16,10.376792628548989,10.376792628548989,10.376792628548989,10.376792628548989
2021-03-17,10.39937680089498,10.39937680089498,10.39937680089498,10.39937680089498
2021-03-18,10.09765413142549,10.09765413142549,10.09765413142549,10.09765413142549
2021-03-19,10.072459693543923,10.072459693543923,10.072459693543923,10.072459693543923
2021-03-20,10.134472691037907,10.134472691037907,10.134472691037907,10.134472691037907
2021-03-21,10.367245421740943,10.367245421740943,10.367245421740943,10.367245421740943
2021-03-22,10.294943699864003,10.294943699864003,10.294943699864003,10.294943699864003
2021-03-23,10.178328712971611,10.178328712971611,10.178328712971611,10.178328712971611
2021-03-24,10.109865654087205,10.109865654087205,10.109865654087205,10.109865654087205
2021-03-25,10.256772433052,10.256772433052,10.256772433052,10.256772433052
2021-03-26,10.31555673078183,10.31555673078183,10.31555673078183,10.31555673078183
2021-03-27,10.241837604631414,10.241837604631414,10.241837604631414,10.241837604631414
2021-03-28,10.328883100180514,10.328883100180514,10.328883100180514,10.328883100180514
2021-03-29,10.352186746543678,10.352186746543678,10.352186746543678,10.352186746543678
2021-03-30,10.51088240343742,10.51088240343742,10.51088240343742,10.51088240343742
2021-03-31,10.408603146699457,10.408603146699457,10.408603146699457,10.408603146699457
2021-04-01,10.365772450464839,10.365772450464839,10.365772450464839,10.365772450464839
2021-04-02,10.31309751005511,10.31309751005511,10.31309751005511,10.31309751005511
2021-04-03,10.094947402550508,10.094947402550508,10.094947402550508,10.094947402550508
2021-04-04,10.147863139799481,10.147863139799481,10.147863139799481,10.147863139799481
2021-04-05,10.19571872792139,10.19571872792139,10.19571872792139,10.19571872792139
2021-04-06,10.204657333388537,10.204657333388537,10.204657333388537,10.204657333388537
2021-04-07,10.17691283959152,10.17691283959152,10.17691283959152,10.17691283959152
2021-04-08,9.968992799699867,9.968992799699867,9.968992799699867,9.968992799699867
2021-04-09,9.914066841031497,9.914066841031497,9.914066841031497,9.914066841031497
2021-04-10,9.871032675140748,9.871032675140748,9.871032675140748,9.871032675140748
2021-04-11,10.31802749904497,10.31802749904497,10.31802749904497,10.31802749904497
2021-04-12,11.511200195326879,11.511200195326879,11.511200195326879,11.511200195326879
2021-04-13,12.502199851542423,12.502199851542423,12.502199851542423,12.502199851542423
2021-04-14,11.991561115221616,11.991561115221616,11.991561115221616,11.991561115221616
2021-04-15,12.254807801117549,12.254807801117549,12.254807801117549,12.254807801117549
2021-04-16,12.143439361024585,12.143439361024585,12.143439361024585,12.143439361024585
2021-04-17,12.153871298777535,12.153871298777535,12.153871298777535,12.153871298777535
2021-04-18,12.058820269663222,12.058820269663222,12.058820269663222,12.058820269663222
2021-04-19,11.99222575663303,11.99222575663303,11.99222575663303,11.99222575663303
2021-04-20,12.139843490920105,12.139843490920105,12.139843490920105,12.139843490920105
2021-04-21,11.940180836645794,11.940180836645794,11.940180836645794,11.940180836645794
2021-04-22,11.806123439573316,11.806123439573316,11.806123439573316,11.806123439573316
2021-04-23,12.06066624462541,12.06066624462541,12.06066624462541,12.06066624462541
2021-04-24,11.91099805271589,11.91099805271589,11.91099805271589,11.91099805271589
2021-04-25,11.934265284900881,11.934265284900881,11.934265284900881,11.934265284900881
2021-04-26,12.249318840934674,12.249318840934674,12.249318840934674,12.249318840934674
2021-04-27,12.419631425330175,12.419631425330175,12.419631425330175,12.419631425330175
2021-04-28,12.55048840020532,12.55048840020532,12.55048840020532,12.55048840020532
2021-04-29,12.33031388887106,12.33031388887106,12.33031388887106,12.33031388887106
2021-04-30,12.454951454271965,12.454951454271965,12.454951454271965,12.454951454271965
2021-05-01,12.434848407195272,12.434848407195272,12.434848407195272,12.434848407195272
2021-05-02,12.3782552311893,12.3782552311893,12.3782552311893,12.3782552311893
2021-05-03,12.491415098802474,12.491415098802474,12.491415098802474,12.491415098802474
2021-05-04,12.756961321743871,12.756961321743871,12.756961321743871,12.756961321743871
2021-05-05,13.253046899217196,13.253046899217196,13.253046899217196,13.253046899217196
2021-05-06,12.97737528409202,12.97737528409202,12.97737528409202,12.97737528409202
2021-05-07,13.219544901273052,13.219544901273052,13.219544901273052,13.219544901273052
2021-05-08,13.352594500545491,13.352594500545491,13.352594500545491,13.352594500545491
2021-05-09,13.607042368603894,13.607042368603894,13.607042368603894,13.607042368603894
2021-05-10,13.664114713557616,13.664114713557616,13.664114713557616,13.664114713557616
2021-05-11,13.848730861075866,13.848730861075866,13.848730861075866,13.848730861075866
2021-05-12,13.896128075695243,13.896128075695243,13.896128075695243,13.896128075695243
2021-05-13,13.653601406649395,13.653601406649395,13.653601406649395,13.653601406649395
2021-05-14,13.814953059364187,13.814953059364187,13.814953059364187,13.814953059364187
2021-05-15,13.628209998772348,13.628209998772348,13.628209998772348,13.628209998772348
2021-05-16,13.796513764102924,13.796513764102924,13.796513764102924,13.796513764102924
2021-05-17,14.070041277675546,14.070041277675546,14.070041277675546,14.070041277675546
2021-05-18,13.898181121444429,13.898181121444429,13.898181121444429,13.898181121444429
2021-05-19,13.939707882997956,13.939707882997956,13.939707882997956,13.939707882997956
2021-05-20,14.13458643809883,14.13458643809883,14.13458643809883,14.13458643809883
2021-05-21,14.095095567956921,14.095095567956921,14.095095567956921,14.095095567956921
2021-05-22,14.684500769238003,14.684500769238003,14.684500769238003,14.684500769238003
2021-05-23,14.716901847821308,14.716901847821308,14.716901847821308,14.716901847821308
2021-05-24,14.516086272598566,14.516086272598566,14.516086272598566,14.516086272598566
2021-05-25,14.740471579551551,14.740471579551551,14.740471579551551,14.740471579551551
2021-05-26,14.724817407559012,14.724817407559012,14.724817407559012,14.724817407559012
2021-05-27,14.900118011939709,14.900118011939709,14.900118011939709,14.900118011939709
2021-05-28,14.810911996481043,14.810911996481043,14.810911996481043,14.810911996481043
2021-05-29,14.995392968016244,14.995392968016244,14.995392968016244,14.995392968016244
2021-05-30,14.799092787963971,14.799092787963971,14.799092787963971,14.799092787963971
2021-05-31,14.697060742203888,14.697060742203888,14.697060742203888,14.697060742203888
2021-06-01,14.847722135469041,14.847722135469041,14.847722135469041,14.847722135469041
2021-06-02,15.252234399141884,15.252234399141884,15.252234399141884,15.252234399141884
2021-06-03,15.506357254906176,15.506357254906176,15.506357254906176,15.506357254906176
2021-06-04,15.530708638250253,15.530708638250253,15.530708638250253,15.530708638250253
2021-06-05,15.319722075250944,15.319722075250944,15.319722075250944,15.319722075250944
2021-06-06,15.649556749550614,15.649556749550614,15.649556749550614,15.649556749550614
2021-06-07,15.733543801631798,15.733543801631798,15.733543801631798,15.733543801631798
2021-06-08,15.806832416554753,15.806832416554753,15.806832416554753,15.806832416554753
2021-06-09,16.160278641560634,16.160278641560634,16.160278641560634,16.160278641560634
2021-06-10,16.1749779597641,16.1749779597641,16.1749779597641,16.1749779597641
2021-06-11,16.244278720711527,16.244278720711527,16.244278720711527,16.244278720711527
2021-06-12,16.300203123734445,16.300203123734445,16.300203123734445,16.300203123734445
2021-06-13,16.35359186317187,16.35359186317187,16.35359186317187,16.35359186317187
2021-06-14,16.15671205387139,16.15671205387139,16.15671205387139,16.15671205387139
2021-06-15,15.73619407790961,15.73619407790961,15.73619407790961,15.73619407790961
2021-06-16,15.833122237424442,15.833122237424442,15.833122237424442,15.833122237424442
2021-06-17,15.63367549823798,15.63367549823798,15.63367549823798,15.63367549823798
2021-06-18,15.567666075681833,15.567666075681833,15.567666075681833,15.567666075681833
2021-06-19,15.708454523887816,15.708454523887816,15.708454523887816,15.708454523887816
2021-06-20,15.421569807746875,15.421569807746875,15.421569807746875,15.421569807746875
2021-06-21,15.986547335445254,15.986547335445254,15.986547335445254,15.986547335445254
2021-06-22,16.441383892906643,16.441383892906643,16.441383892906643,16.441383892906643
2021-06-23,16.45827164678998,16.45827164678998,16.45827164678998,16.45827164678998
2021-06-24,16.580574877971117,16.580574877971117,16.580574877971117,16.580574877971117
2021-06-25,16.48328866719814,16.48328866719814,16.48328866719814,16.48328866719814
2021-06-26,16.083783440652137,16.083783440652137,16.083783440652137,16.083783440652137
2021-06-27,15.910443903874606,15.910443903874606,15.910443903874606,15.910443903874606
2021-06-28,16.319652978881468,16.319652978881468,16.319652978881468,16.319652978881468
2021-06-29,16.410496416727113,16.410496416727113,16.410496416727113,16.410496416727113
2021-06-30,16.02676305715044,16.02676305715044,16.02676305715044,16.02676305715044
2021-07-01,16.130287035329385,16.130287035329385,16.130287035329385,16.130287035329385
2021-07-02,16.542742746077476,16.542742746077476,16.542742746077476,16.542742746077476
2021-07-03,16.3746499345613,16.3746499345613,16.3746499345613,16.3746499345613
2021-07-04,16.073376090861135,16.073376090861135,16.073376090861135,16.073376090861135
2021-07-05,16.028999437632496,16.028999437632496,16.028999437632496,16.028999437632496
2021-07-06,16.49191830717563,16.49191830717563,16.49191830717563,16.49191830717563
2021-07-07,16.184770559297167,16.184770559297167,16.184770559297167,16.184770559297167
2021-07-08,16.17219859253175,16.17219859253175,16.17219859253175,16.17219859253175
2021-07-09,16.559458299019425,16.559458299019425,16.559458299019425,16.559458299019425
2021-07-10,16.90139384315548,16.90139384315548,16.90139384315548,16.90139384315548
2021-07-11,16.929748188248283,16.929748188248283,16.929748188248283,16.929748188248283
2021-07-12,17.53955693798055,17.53955693798055,17.53955693798055,17.53955693798055
2021-07-13,17.500323354003257,17.500323354003257,17.500323354003257,17.500323354003257
2021-07-14,17.53030926742214,17.53030926742214,17.53030926742214,17.53030926742214
2021-07-15,17.045409435337362,17.045409435337362,17.045409435337362,17.045409435337362
2021-07-16,17.3864558866071,17.3864558866071,17.3864558866071,17.3864558866071
2021-07-17,17.579492971836192,17.579492971836192,17.579492971836192,17.579492971836192
2021-07-18,17.61227145244266,17.61227145244266,17.61227145244266,17.61227145244266
2021-07-19,17.497853480818463,17.497853480818463,17.497853480818463,17.497853480818463
2021-07-20,18.894120055627763,18.894120055627763,18.894120055627763,18.894120055627763
2021-07-21,19.74017272240593,19.74017272240593,19.74017272240593,19.74017272240593
2021-07-22,20.614998453807676,20.614998453807676,20.614998453807676,20.614998453807676
2021-07-23,21.433748439578963,21.433748439578963,21.433748439578963,21.433748439578963
2021-07-24,23.596565217237007,23.596565217237007,23.596565217237007,23.596565217237007
2021-07-25,23.60804438203401,23.60804438203401,23.60804438203401,23.60804438203401
2021-07-26,23.66847886862536,23.66847886862536,23.66847886862536,23.66847886862536
2021-07-27,23.88164809379981,23.88164809379981,23.88164809379981,23.88164809379981
2021-07-28,23.82832300568618,23.82832300568618,23.82832300568618,23.82832300568618
2021-07-29,24.14240997475864,24.14240997475864,24.14240997475864,24.14240997475864
2021-07-30,24.456325149999607,24.456325149999607,24.456325149999607,24.456325149999607
2021-07-31,24.954798422882604,24.954798422882604,24.954798422882604,24.954798422882604
2021-08-01,24.982624461131685,24.982624461131685,24.982624461131685,24.982624461131685
2021-08-02,25.124088454407893,25.124088454407893,25.124088454407893,25.124088454407893
2021-08-03,25.09514184102651,25.09514184102651,25.09514184102651,25.09514184102651
2021-08-04,24.807217492954248,24.807217492954248,24.807217492954248,24.807217492954248
2021-08-05,25.6056578603599,25.6056578603599,25.6056578603599,25.6056578603599
2021-08-06,26.07095524851627,26.07095524851627,26.07095524851627,26.07095524851627
2021-08-07,26.401403052708496,26.401403052708496,26.401403052708496,26.401403052708496
2021-08-08,26.41767419536027,26.41767419536027,26.41767419536027,26.41767419536027
2021-08-09,26.08325772987243,26.08325772987243,26.08325772987243,26.08325772987243
2021-08-10,26.48563882591962,26.48563882591962,26.48563882591962,26.48563882591962
2021-08-11,26.448403706583086,26.448403706583086,26.448403706583086,26.448403706583086
2021-08-12,26.633383096635775,26.633383096635775,26.633383096635775,26.633383096635775
2021-08-13,26.429481423475963,26.429481423475963,26.429481423475963,26.429481423475963
2021-08-14,26.5477401002221,26.5477401002221,26.5477401002221,26.5477401002221
2021-08-15,26.367105357322266,26.367105357322266,26.367105357322266,26.367105357322266
2021-08-16,26.201900292134532,26.201900292134532,26.201900292134532,26.201900292134532
2021-08-17,26.31406405218985,26.31406405218985,26.31406405218985,26.31406405218985
2021-08-18,25.763540541704597,25.763540541704597,25.763540541704597,25.763540541704597
2021-08-19,25.240232623955997,25.240232623955997,25.240232623955997,25.240232623955997
2021-08-20,24.988419320978934,24.988419320978934,24.988419320978934,24.988419320978934
2021-08-21,24.928404452488056,24.928404452488056,24.928404452488056,24.928404452488056
2021-08-22,25.26904846559627,25.26904846559627,25.26904846559627,25.26904846559627
2021-08-23,25.22864128739132,25.22864128739132,25.22864128739132,25.22864128739132
2021-08-24,25.241818281415384,25.241818281415384,25.241818281415384,25.241818281415384
2021-08-25,25.152717702405774,25.152717702405774,25.152717702405774,25.152717702405774
2021-08-26,25.29459860925036,25.29459860925036,25.29459860925036,25.29459860925036
2021-08-27,25.00096716802315,25.00096716802315,25.00096716802315,25.00096716802315
2021-08-28,24.98018130824618,24.98018130824618,24.98018130824618,24.98018130824618
2021-08-29,25.15068792806797,25.15068792806797,25.15068792806797,25.15068792806797
2021-08-30,25.255349679566024,25.255349679566024,25.255349679566024,25.255349679566024
2021-08-31,25.280324341585416,25.280324341585416,25.280324341585416,25.280324341585416
2021-09-01,25.309842978382708,25.309842978382708,25.309842978382708,25.309842978382708
2021-09-02,25.519154731089294,25.519154731089294,25.519154731089294,25.519154731089294
2021-09-03,26.363780999336733,26.363780999336733,26.363780999336733,26.363780999336733
2021-09-04,26.08141927766087,26.08141927766087,26.08141927766087,26.08141927766087
2021-09-05,26.958981939633524,26.958981939633524,26.958981939633524,26.958981939633524
2021-09-06,26.65368564203434,26.65368564203434,26.65368564203434,26.65368564203434
2021-09-07,25.82586385596475,25.82586385596475,25.82586385596475,25.82586385596475
2021-09-08,25.64285338287677,25.64285338287677,25.64285338287677,25.64285338287677
2021-09-09,25.794821641276705,25.794821641276705,25.794821641276705,25.794821641276705
2021-09-10,26.5413898810818,26.5413898810818,26.5413898810818,26.5413898810818
2021-09-11,26.204945381979552,26.204945381979552,26.204945381979552,26.204945381979552
2021-09-12,26.419270063610284,26.419270063610284,26.419270063610284,26.419270063610284
2021-09-13,25.917211515012802,25.917211515012802,25.917211515012802,25.917211515012802
2021-09-14,26.649939847459887,26.649939847459887,26.649939847459887,26.649939847459887
2021-09-15,27.1427399234014,27.1427399234014,27.1427399234014,27.1427399234014
2021-09-16,26.973433424788066,26.973433424788066,26.973433424788066,26.973433424788066
2021-09-17,26.30187536900582,26.30187536900582,26.30187536900582,26.30187536900582
2021-09-18,26.857057606063606,26.857057606063606,26.857057606063606,26.857057606063606
2021-09-19,26.83240020381637,26.83240020381637,26.83240020381637,26.83240020381637
2021-09-20,27.352069863904678,27.352069863904678,27.352069863904678,27.352069863904678
2021-09-21,27.37610291041136,27.37610291041136,27.37610291041136,27.37610291041136
2021-09-22,27.41729597628512,27.41729597628512,27.41729597628512,27.41729597628512
2021-09-23,27.254136139462357,27.254136139462357,27.254136139462357,27.254136139462357
2021-09-24,27.53056800113373,27.53056800113373,27.53056800113373,27.53056800113373
2021-09-25,27.60226956157089,27.60226956157089,27.60226956157089,27.60226956157089
2021-09-26,27.837346567779594,27.837346567779594,27.837346567779594,27.837346567779594
2021-09-27,27.219031427354178,27.219031427354178,27.219031427354178,27.219031427354178
2021-09-28,27.762463536034925,27.762463536034925,27.762463536034925,27.762463536034925
2021-09-29,28.43063050925314,28.43063050925314,28.43063050925314,28.43063050925314
2021-09-30,28.50270555546364,28.50270555546364,28.50270555546364,28.50270555546364
2021-10-01,29.40656108981217,29.40656108981217,29.40656108981217,29.40656108981217
2021-10-02,30.204364404435246,30.204364404435246,30.204364404435246,30.204364404435246
2021-10-03,30.52092545134572,30.52092545134572,30.52092545134572,30.52092545134572
2021-10-04,31.171920717773858,31.171920717773858,31.171920717773858,31.171920717773858
2021-10-05,31.691755117195466,31.691755117195466,31.691755117195466,31.691755117195466
2021-10-06,30.88104540450927,30.88104540450927,30.88104540450927,30.88104540450927
2021-10-07,30.780956770531365,30.780956770531365,30.780956770531365,30.780956770531365
2021-10-08,31.13688109329807,31.13688109329807,31.13688109329807,31.13688109329807
2021-10-09,31.922440727009956,31.922440727009956,31.922440727009956,31.922440727009956
2021-10-10,31.287135574634693,31.287135574634693,31.287135574634693,31.287135574634693
2021-10-11,30.51275592336105,30.51275592336105,30.51275592336105,30.51275592336105
2021-10-12,30.511742427421684,30.511742427421684,30.511742427421684,30.511742427421684
2021-10-13,29.589932908763256,29.589932908763256,29.589932908763256,29.589932908763256
2021-10-14,29.57404901524012,29.57404901524012,29.57404901524012,29.57404901524012
2021-10-15,29.760335171936852,29.760335171936852,29.760335171936852,29.760335171936852
2021-10-16,29.364576378137944,29.364576378137944,29.364576378137944,29.364576378137944
2021-10-17,29.360459862152595,29.360459862152595,29.360459862152595,29.360459862152595
2021-10-18,29.804599496498117,29.804599496498117,29.804599496498117,29.804599496498117
2021-10-19,29.591381436911952,29.591381436911952,29.591381436911952,29.591381436911952
2021-10-20,29.263121505904884,29.263121505904884,29.263121505904884,29.263121505904884
2021-10-21,29.239551366687042,29.239551366687042,29.239551366687042,29.239551366687042
2021-10-22,28.808892691830145,28.808892691830145,28.808892691830145,28.808892691830145
2021-10-23,29.68096313883056,29.68096313883056,29.68096313883056,29.68096313883056
2021-10-24,29.720407752134882,29.720407752134882,29.720407752134882,29.720407752134882
2021-10-25,29.43224216715495,29.43224216715495,29.43224216715495,29.43224216715495
2021-10-26,29.550256589163215,29.550256589163215,29.550256589163215,29.550256589163215
2021-10-27,29.524106954076682,29.524106954076682,29.524106954076682,29.524106954076682
2021-10-28,31.202753122811433,31.202753122811433,31.202753122811433,31.202753122811433
2021-10-29,31.90041209482677,31.90041209482677,31.90041209482677,31.90041209482677
2021-10-30,30.332761143585103,30.332761143585103,30.332761143585103,30.332761143585103
2021-10-31,33.023596606904285,33.023596606904285,33.023596606904285,33.023596606904285
2021-11-01,35.175969463416926,35.175969463416926,35.175969463416926,35.175969463416926
2021-11-02,36.00812073013341,36.00812073013341,36.00812073013341,36.00812073013341
2021-11-03,34.70998455731342,34.70998455731342,34.70998455731342,34.70998455731342
2021-11-04,34.640440436192954,34.640440436192954,34.640440436192954,34.640440436192954
2021-11-05,34.64332033292614,34.64332033292614,34.64332033292614,34.64332033292614
2021-11-06,34.26922878408026,34.26922878408026,34.26922878408026,34.26922878408026
2021-11-07,34.11632501364017,34.11632501364017,34.11632501364017,34.11632501364017
2021-11-08,34.683678302778276,34.683678302778276,34.683678302778276,34.683678302778276
2021-11-09,35.051481852137925,35.051481852137925,35.051481852137925,35.051481852137925
2021-11-10,36.327879497582295,36.327879497582295,36.327879497582295,36.327879497582295
2021-11-11,36.90977912227489,36.90977912227489,36.90977912227489,36.90977912227489
2021-11-12,36.72445372437897,36.72445372437897,36.72445372437897,36.72445372437897
2021-11-13,36.38563283004491,36.38563283004491,36.38563283004491,36.38563283004491
2021-11-14,35.3702312109987,35.3702312109987,35.3702312109987,35.3702312109987
2021-11-15,35.897929193387704,35.897929193387704,35.897929193387704,35.897929193387704
2021-11-16,35.73203256426307,35.73203256426307,35.73203256426307,35.73203256426307
2021-11-17,35.63279039876856,35.63279039876856,35.63279039876856,35.63279039876856
2021-11-18,35.45716872751538,35.45716872751538,35.45716872751538,35.45716872751538
2021-11-19,35.265637307467,35.265637307467,35.265637307467,35.265637307467
2021-11-20,33.96992867393173,33.96992867393173,33.96992867393173,33.96992867393173
2021-11-21,34.34596331818077,34.34596331818077,34.34596331818077,34.34596331818077
2021-11-22,34.57449445575474,34.57449445575474,34.57449445575474,34.57449445575474
2021-11-23,34.55811885194377,34.55811885194377,34.55811885194377,34.55811885194377
2021-11-24,34.21046324498424,34.21046324498424,34.21046324498424,34.21046324498424
2021-11-25,33.96453433276852,33.96453433276852,33.96453433276852,33.96453433276852
2021-11-26,35.03271239410469,35.03271239410469,35.03271239410469,35.03271239410469
2021-11-27,35.91182966649144,35.91182966649144,35.91182966649144,35.91182966649144
2021-11-28,35.63644500614801,35.63644500614801,35.63644500614801,35.63644500614801
2021-11-29,35.12931341775013,35.12931341775013,35.12931341775013,35.12931341775013
2021-11-30,34.91575216369704,34.91575216369704,34.91575216369704,34.91575216369704
2021-12-01,34.78304625867907,34.78304625867907,34.78304625867907,34.78304625867907
2021-12-02,34.21653040407501,34.21653040407501,34.21653040407501,34.21653040407501
2021-12-03,34.38132200432082,34.38132200432082,34.38132200432082,34.38132200432082
2021-12-04,34.332216156578156,34.332216156578156,34.332216156578156,34.332216156578156
2021-12-05,34.14984678669617,34.14984678669617,34.14984678669617,34.14984678669617
2021-12-06,33.86880959180501,33.86880959180501,33.86880959180501,33.86880959180501
2021-12-07,34.28213663297095,34.28213663297095,34.28213663297095,34.28213663297095
2021-12-08,33.93759820342891,33.93759820342891,33.93759820342891,33.93759820342891
2021-12-09,35.20373265458679,35.20373265458679,35.20373265458679,35.20373265458679
2021-12-10,35.32152220598046,35.32152220598046,35.32152220598046,35.32152220598046
2021-12-11,35.39714236324798,35.39714236324798,35.39714236324798,35.39714236324798
2021-12-12,35.684590563498226,35.684590563498226,35.684590563498226,35.684590563498226
2021-12-13,36.55893480922176,36.55893480922176,36.55893480922176,36.55893480922176
2021-12-14,36.26215885285041,36.26215885285041,36.26215885285041,36.26215885285041
2021-12-15,36.61117951284392,36.61117951284392,36.61117951284392,36.61117951284392
2021-12-16,36.93893184558465,36.93893184558465,36.93893184558465,36.93893184558465
2021-12-17,37.54191609492611,37.54191609492611,37.54191609492611,37.54191609492611
2021-12-18,37.41979037302661,37.41979037302661,37.41979037302661,37.41979037302661
2021-12-19,37.98162061274332,37.98162061274332,37.98162061274332,37.98162061274332
2021-12-20,37.626636968410345,37.626636968410345,37.626636968410345,37.626636968410345
2021-12-21,36.39794107167466,36.39794107167466,36.39794107167466,36.39794107167466
2021-12-22,35.564290671452135,35.564290671452135,35.564290671452135,35.564290671452135
2021-12-23,35.601306030693145,35.601306030693145,35.601306030693145,35.601306030693145
2021-12-24,36.106351936037846,36.106351936037846,36.106351936037846,36.106351936037846
2021-12-25,36.18702459966012,36.18702459966012,36.18702459966012,36.18702459966012
2021-12-26,36.305642615797076,36.305642615797076,36.305642615797076,36.305642615797076
2021-12-27,36.64452130350444,36.64452130350444,36.64452130350444,36.64452130350444
2021-12-28,36.953825679081504,36.953825679081504,36.953825679081504,36.953825679081504
2021-12-29,37.674791338082294,37.674791338082294,37.674791338082294,37.674791338082294
2021-12-30,37.42949358377103,37.42949358377103,37.42949358377103,37.42949358377103
2021-12-31,37.68615916378927,37.68615916378927,37.68615916378927,37.68615916378927
2022-01-01,38.56977032085445,38.56977032085445,38.56977032085445,38.56977032085445
2022-01-02,38.83322180045825,38.83322180045825,38.83322180045825,38.83322180045825
2022-01-03,39.61394914124073,39.61394914124073,39.61394914124073,39.61394914124073
2022-01-04,39.3814325562743,39.3814325562743,39.3814325562743,39.3814325562743
2022-01-05,39.9823047971318,39.9823047971318,39.9823047971318,39.9823047971318
2022-01-06,40.59816670003352,40.59816670003352,40.59816670003352,40.59816670003352
2022-01-07,39.63666930820183,39.63666930820183,39.63666930820183,39.63666930820183
2022-01-08,39.83542599178296,39.83542599178296,39.83542599178296,39.83542599178296
2022-01-09,39.969229724146984,39.969229724146984,39.969229724146984,39.969229724146984
2022-01-10,40.50215868826924,40.50215868826924,40.50215868826924,40.50215868826924
2022-01-11,40.64423874726381,40.64423874726381,40.64423874726381,40.64423874726381
2022-01-12,42.28844345697862,42.28844345697862,42.28844345697862,42.28844345697862
2022-01-13,43.45274809294741,43.45274809294741,43.45274809294741,43.45274809294741
2022-01-14,43.872246106338046,43.872246106338046,43.872246106338046,43.872246106338046
2022-01-15,44.07202535417046,44.07202535417046,44.07202535417046,44.07202535417046
2022-01-16,43.353813683625035,43.353813683625035,43.353813683625035,43.353813683625035
2022-01-17,43.50807740324218,43.50807740324218,43.50807740324218,43.50807740324218
2022-01-18,43.60820826911682,43.60820826911682,43.60820826911682,43.60820826911682
2022-01-19,45.30371139016494,45.30371139016494,45.30371139016494,45.30371139016494
2022-01-20,45.696009365468456,45.696009365468456,45.696009365468456,45.696009365468456
2022-01-21,38.84915295075601,38.84915295075601,38.84915295075601,38.84915295075601
2022-01-22,38.54061262755532,38.54061262755532,38.54061262755532,38.54061262755532
2022-01-23,39.047327596700484,39.047327596700484,39.047327596700484,39.047327596700484
2022-01-24,39.12150851903079,39.12150851903079,39.12150851903079,39.12150851903079
2022-01-25,38.95575966623843,38.95575966623843,38.95575966623843,38.95575966623843
2022-01-26,39.9621942952257,39.9621942952257,39.9621942952257,39.9621942952257
2022-01-27,39.846857569556285,39.846857569556285,39.846857569556285,39.846857569556285
2022-01-28,39.715727397017986,39.715727397017986,39.715727397017986,39.715727397017986
2022-01-29,39.6099239862107,39.6099239862107,39.6099239862107,39.6099239862107
2022-01-30,40.05526214323431,40.05526214323431,40.05526214323431,40.05526214323431
2022-01-31,39.925750248136026,39.925750248136026,39.925750248136026,39.925750248136026
2022-02-01,39.29500769220186,39.29500769220186,39.29500769220186,39.29500769220186
2022-02-02,40.843246597308216,40.843246597308216,40.843246597308216,40.843246597308216
2022-02-03,40.91220129113946,40.91220129113946,40.91220129113946,40.91220129113946
2022-02-04,41.066492306251,41.066492306251,41.066492306251,41.066492306251
2022-02-05,42.153392865208815,42.153392865208815,42.153392865208815,42.153392865208815
2022-02-06,43.022182107379294,43.022182107379294,43.022182107379294,43.022182107379294
2022-02-07,45.270286408458695,45.270286408458695,45.270286408458695,45.270286408458695
2022-02-08,49.665541055427276,49.665541055427276,49.665541055427276,49.665541055427276
2022-02-09,47.12167594297161,47.12167594297161,47.12167594297161,47.12167594297161
2022-02-10,47.053435769014406,47.053435769014406,47.053435769014406,47.053435769014406
2022-02-11,47.46357569682433,47.46357569682433,47.46357569682433,47.46357569682433
2022-02-12,47.24389696477507,47.24389696477507,47.24389696477507,47.24389696477507
2022-02-13,47.2323766659944,47.2323766659944,47.2323766659944,47.2323766659944
2022-02-14,47.206950644743856,47.206950644743856,47.206950644743856,47.206950644743856
2022-02-15,47.26594774458875,47.26594774458875,47.26594774458875,47.26594774458875
2022-02-16,47.37377019427149,47.37377019427149,47.37377019427149,47.37377019427149
2022-02-17,47.31904509554786,47.31904509554786,47.31904509554786,47.31904509554786
2022-02-18,47.107991606146214,47.107991606146214,47.107991606146214,47.107991606146214
2022-02-19,46.983709381942425,46.983709381942425,46.983709381942425,46.983709381942425
2022-02-20,47.186668673689425,47.186668673689425,47.186668673689425,47.186668673689425
2022-02-21,47.40331836447298,47.40331836447298,47.40331836447298,47.40331836447298
2022-02-22,46.97391541588762,46.97391541588762,46.97391541588762,46.97391541588762
2022-02-23,46.35102555024993,46.35102555024993,46.35102555024993,46.35102555024993
2022-02-24,45.22716671467287,45.22716671467287,45.22716671467287,45.22716671467287
2022-02-25,46.460525300671186,46.460525300671186,46.460525300671186,46.460525300671186
2022-02-26,45.63248173064183,45.63248173064183,45.63248173064183,45.63248173064183
2022-02-27,45.11023709104655,45.11023709104655,45.11023709104655,45.11023709104655
2022-02-28,45.65811325994048,45.65811325994048,45.65811325994048,45.65811325994048
2022-03-01,44.72689936656841,44.72689936656841,44.72689936656841,44.72689936656841
2022-03-02,43.58627213421668,43.58627213421668,43.58627213421668,43.58627213421668
2022-03-03,43.264874219550485,43.264874219550485,43.264874219550485,43.264874219550485
2022-03-04,43.93017291573655,43.93017291573655,43.93017291573655,43.93017291573655
2022-03-05,43.94491703451464,43.94491703451464,43.94491703451464,43.94491703451464
2022-03-06,45.40075030873146,45.40075030873146,45.40075030873146,45.40075030873146
2022-03-07,45.89488568567188,45.89488568567188,45.89488568567188,45.89488568567188
2022-03-08,45.04460441613093,45.04460441613093,45.04460441613093,45.04460441613093
2022-03-09,45.148759313219145,45.148759313219145,45.148759313219145,45.148759313219145
2022-03-10,44.08126679813439,44.08126679813439,44.08126679813439,44.08126679813439
2022-03-11,44.481434546961275,44.481434546961275,44.481434546961275,44.481434546961275
2022-03-12,44.20399424046824,44.20399424046824,44.20399424046824,44.20399424046824
2022-03-13,44.58874851115656,44.58874851115656,44.58874851115656,44.58874851115656
2022-03-14,45.70828288357177,45.70828288357177,45.70828288357177,45.70828288357177
2022-03-15,46.82161870571335,46.82161870571335,46.82161870571335,46.82161870571335
2022-03-16,46.74803748540484,46.74803748540484,46.74803748540484,46.74803748540484
2022-03-17,47.35103568622732,47.35103568622732,47.35103568622732,47.35103568622732
2022-03-18,47.14173481374857,47.14173481374857,47.14173481374857,47.14173481374857
2022-03-19,47.319853986930205,47.319853986930205,47.319853986930205,47.319853986930205
2022-03-20,46.275967189434056,46.275967189434056,46.275967189434056,46.275967189434056
2022-03-21,45.75875987577008,45.75875987577008,45.75875987577008,45.75875987577008
2022-03-22,46.189327127611726,46.189327127611726,46.189327127611726,46.189327127611726
2022-03-23,45.01133273783081,45.01133273783081,45.01133273783081,45.01133273783081
2022-03-24,45.11169955239651,45.11169955239651,45.11169955239651,45.11169955239651
2022-03-25,45.26893872465953,45.26893872465953,45.26893872465953,45.26893872465953
2022-03-26,45.7177124829275,45.7177124829275,45.7177124829275,45.7177124829275
2022-03-27,44.71248514783414,44.71248514783414,44.71248514783414,44.71248514783414
2022-03-28,43.6150906002908,43.6150906002908,43.6150906002908,43.6150906002908
2022-03-29,44.29578403565361,44.29578403565361,44.29578403565361,44.29578403565361
2022-03-30,44.45071657029883,44.45071657029883,44.45071657029883,44.45071657029883
2022-03-31,44.263010791770405,44.263010791770405,44.263010791770405,44.263010791770405
2022-04-01,43.264026296648034,43.264026296648034,43.264026296648034,43.264026296648034
2022-04-02,43.03880587225047,43.03880587225047,43.03880587225047,43.03880587225047
2022-04-03,42.37098502938428,42.37098502938428,42.37098502938428,42.37098502938428
2022-04-04,42.995628158464484,42.995628158464484,42.995628158464484,42.995628158464484
2022-04-05,42.17913179219615,42.17913179219615,42.17913179219615,42.17913179219615
2022-04-06,42.06973269398109,42.06973269398109,42.06973269398109,42.06973269398109
2022-04-07,42.61876280511297,42.61876280511297,42.61876280511297,42.61876280511297
2022-04-08,43.048356925118426,43.048356925118426,43.048356925118426,43.048356925118426
2022-04-09,42.789801406459254,42.789801406459254,42.789801406459254,42.789801406459254
2022-04-10,43.230284949762954,43.230284949762954,43.230284949762954,43.230284949762954
2022-04-11,43.79561910230459,43.79561910230459,43.79561910230459,43.79561910230459
2022-04-12,43.91858471083286,43.91858471083286,43.91858471083286,43.91858471083286
2022-04-13,44.24795635185937,44.24795635185937,44.24795635185937,44.24795635185937
2022-04-14,44.14180171519899,44.14180171519899,44.14180171519899,44.14180171519899
2022-04-15,44.92470254508666,44.92470254508666,44.92470254508666,44.92470254508666
2022-04-16,44.90645248641559,44.90645248641559,44.90645248641559,44.90645248641559
2022-04-17,43.995866439062596,43.995866439062596,43.995866439062596,43.995866439062596
2022-04-18,44.36171407315744,44.36171407315744,44.36171407315744,44.36171407315744
2022-04-19,43.70350720567512,43.70350720567512,43.70350720567512,43.70350720567512
2022-04-20,44.5762182772887,44.5762182772887,44.5762182772887,44.5762182772887
2022-04-21,44.88774167274387,44.88774167274387,44.88774167274387,44.88774167274387
2022-04-22,43.624364111043725,43.624364111043725,43.624364111043725,43.624364111043725
2022-04-23,44.227099062991456,44.227099062991456,44.227099062991456,44.227099062991456
2022-04-24,44.450246143032324,44.450246143032324,44.450246143032324,44.450246143032324
2022-04-25,44.9614681506913,44.9614681506913,44.9614681506913,44.9614681506913
2022-04-26,45.02914676916782,45.02914676916782,45.02914676916782,45.02914676916782
2022-04-27,45.89134525045264,45.89134525045264,45.89134525045264,45.89134525045264
2022-04-28,45.457604263113055,45.457604263113055,45.457604263113055,45.457604263113055
2022-04-29,46.121167670722805,46.121167670722805,46.121167670722805,46.121167670722805
2022-04-30,46.3751998084994,46.3751998084994,46.3751998084994,46.3751998084994
2022-05-01,45.24237866404547,45.24237866404547,45.24237866404547,45.24237866404547
2022-05-02,44.085124538837505,44.085124538837505,44.085124538837505,44.085124538837505
2022-05-03,43.92177119560958,43.92177119560958,43.92177119560958,43.92177119560958
2022-05-04,43.426693610344444,43.426693610344444,43.426693610344444,43.426693610344444
2022-05-05,42.201836138385175,42.201836138385175,42.201836138385175,42.201836138385175
2022-05-06,41.47128279167624,41.47128279167624,41.47128279167624,41.47128279167624
2022-05-07,41.40136860387743,41.40136860387743,41.40136860387743,41.40136860387743
2022-05-08,40.92178456276743,40.92178456276743,40.92178456276743,40.92178456276743
2022-05-09,42.37229164536444,42.37229164536444,42.37229164536444,42.37229164536444
2022-05-10,41.984226974031884,41.984226974031884,41.984226974031884,41.984226974031884
2022-05-11,42.75281306050416,42.75281306050416,42.75281306050416,42.75281306050416
2022-05-12,43.82661957778079,43.82661957778079,43.82661957778079,43.82661957778079
2022-05-13,43.5214546168872,43.5214546168872,43.5214546168872,43.5214546168872
2022-05-14,43.16528086642365,43.16528086642365,43.16528086642365,43.16528086642365
2022-05-15,42.87868344333077,42.87868344333077,42.87868344333077,42.87868344333077
2022-05-16,45.75595275486887,45.75595275486887,45.75595275486887,45.75595275486887
2022-05-17,48.755644320576096,48.755644320576096,48.755644320576096,48.755644320576096
2022-05-18,49.51713088012885,49.51713088012885,49.51713088012885,49.51713088012885
2022-05-19,51.57414964686927,51.57414964686927,51.57414964686927,51.57414964686927
2022-05-20,53.03017007859568,53.03017007859568,53.03017007859568,53.03017007859568
2022-05-21,52.585149887479155,52.585149887479155,52.585149887479155,52.585149887479155
2022-05-22,52.32140783777649,52.32140783777649,52.32140783777649,52.32140783777649
2022-05-23,52.58761815946905,52.58761815946905,52.58761815946905,52.58761815946905
2022-05-24,52.89351254343682,52.89351254343682,52.89351254343682,52.89351254343682
2022-05-25,52.795436947516826,52.795436947516826,52.795436947516826,52.795436947516826
2022-05-26,52.205476519483746,52.205476519483746,52.205476519483746,52.205476519483746
2022-05-27,52.221299759631464,52.221299759631464,52.221299759631464,52.221299759631464
2022-05-28,53.66878896134066,53.66878896134066,53.66878896134066,53.66878896134066
2022-05-29,53.29503041893007,53.29503041893007,53.29503041893007,53.29503041893007
2022-05-30,53.51656822861499,53.51656822861499,53.51656822861499,53.51656822861499
2022-05-31,55.58787275687336,55.58787275687336,55.58787275687336,55.58787275687336
2022-06-01,55.18969506808347,55.18969506808347,55.18969506808347,55.18969506808347
2022-06-02,55.798347574867904,55.798347574867904,55.798347574867904,55.798347574867904
2022-06-03,57.38863451138491,57.38863451138491,57.38863451138491,57.38863451138491
2022-06-04,57.94299853200879,57.94299853200879,57.94299853200879,57.94299853200879
2022-06-05,58.952977079966615,58.952977079966615,58.952977079966615,58.952977079966615
2022-06-06,59.725687469970325,59.725687469970325,59.725687469970325,59.725687469970325
2022-06-07,60.2279273735995,60.2279273735995,60.2279273735995,60.2279273735995
2022-06-08,61.524778285463015,61.524778285463015,61.524778285463015,61.524778285463015
2022-06-09,62.17267408817448,62.17267408817448,62.17267408817448,62.17267408817448
2022-06-10,62.0665595583183,62.0665595583183,62.0665595583183,62.0665595583183
2022-06-11,62.25280301232047,62.25280301232047,62.25280301232047,62.25280301232047
2022-06-12,62.646869457827805,62.646869457827805,62.646869457827805,62.646869457827805
2022-06-13,62.32736527496553,62.32736527496553,62.32736527496553,62.32736527496553
2022-06-14,62.555887688428236,62.555887688428236,62.555887688428236,62.555887688428236
2022-06-15,62.64950559094539,62.64950559094539,62.64950559094539,62.64950559094539
2022-06-16,63.30621416764711,63.30621416764711,63.30621416764711,63.30621416764711
2022-06-17,65.41107114117247,65.41107114117247,65.41107114117247,65.41107114117247
2022-06-18,65.70808680623519,65.70808680623519,65.70808680623519,65.70808680623519
2022-06-19,67.31542483127237,67.31542483127237,67.31542483127237,67.31542483127237
2022-06-20,67.98308934821263,67.98308934821263,67.98308934821263,67.98308934821263
2022-06-21,68.22776979008215,68.22776979008215,68.22776979008215,68.22776979008215
2022-06-22,67.8254644577126,67.8254644577126,67.8254644577126,67.8254644577126
2022-06-23,68.0771884880026,68.0771884880026,68.0771884880026,68.0771884880026
2022-06-24,68.26743326234428,68.26743326234428,68.26743326234428,68.26743326234428
2022-06-25,67.6051154438126,67.6051154438126,67.6051154438126,67.6051154438126
2022-06-26,67.09240989603467,67.09240989603467,67.09240989603467,67.09240989603467
2022-06-27,67.5257046300437,67.5257046300437,67.5257046300437,67.5257046300437
2022-06-28,69.16542189158744,69.16542189158744,69.16542189158744,69.16542189158744
2022-06-29,69.15253956090179,69.15253956090179,69.15253956090179,69.15253956090179
2022-06-30,67.70585401455146,67.70585401455146,67.70585401455146,67.70585401455146
2022-07-01,65.52693817118443,65.52693817118443,65.52693817118443,65.52693817118443
2022-07-02,64.57558582672374,64.57558582672374,64.57558582672374,64.57558582672374
2022-07-03,65.3133842837625,65.3133842837625,65.3133842837625,65.3133842837625
2022-07-04,64.11131979333075,64.11131979333075,64.11131979333075,64.11131979333075
2022-07-05,65.00162471085646,65.00162471085646,65.00162471085646,65.00162471085646
2022-07-06,65.68758800496853,65.68758800496853,65.68758800496853,65.68758800496853
2022-07-07,65.64241872617285,65.64241872617285,65.64241872617285,65.64241872617285
2022-07-08,64.19284523044642,64.19284523044642,64.19284523044642,64.19284523044642
2022-07-09,63.57796629197702,63.57796629197702,63.57796629197702,63.57796629197702
2022-07-10,63.398769195688615,63.398769195688615,63.398769195688615,63.398769195688615
2022-07-11,63.78428639346077,63.78428639346077,63.78428639346077,63.78428639346077
2022-07-12,62.63788558659648,62.63788558659648,62.63788558659648,62.63788558659648
2022-07-13,64.04451132632454,64.04451132632454,64.04451132632454,64.04451132632454
2022-07-14,64.42499209530418,64.42499209530418,64.42499209530418,64.42499209530418
2022-07-15,64.91792692698273,64.91792692698273,64.91792692698273,64.91792692698273
2022-07-16,65.59572470591517,65.59572470591517,65.59572470591517,65.59572470591517
2022-07-17,66.95600213756097,66.95600213756097,66.95600213756097,66.95600213756097
2022-07-18,67.20694101715014,67.20694101715014,67.20694101715014,67.20694101715014
2022-07-19,67.9754561757217,67.9754561757217,67.9754561757217,67.9754561757217
2022-07-20,67.3401654113689,67.3401654113689,67.3401654113689,67.3401654113689
2022-07-21,69.21317194342156,69.21317194342156,69.21317194342156,69.21317194342156
2022-07-22,69.40154017441527,69.40154017441527,69.40154017441527,69.40154017441527
2022-07-23,68.74807089704838,68.74807089704838,68.74807089704838,68.74807089704838
2022-07-24,68.34295559926994,68.34295559926994,68.34295559926994,68.34295559926994
2022-07-25,66.46057798957902,66.46057798957902,66.46057798957902,66.46057798957902
2022-07-26,66.06283836088619,66.06283836088619,66.06283836088619,66.06283836088619
2022-07-27,63.71376340915416,63.71376340915416,63.71376340915416,63.71376340915416
2022-07-28,64.51572870080881,64.51572870080881,64.51572870080881,64.51572870080881
2022-07-29,64.97907185321685,64.97907185321685,64.97907185321685,64.97907185321685
2022-07-30,64.08855692642832,64.08855692642832,64.08855692642832,64.08855692642832
2022-07-31,64.09396149250733,64.09396149250733,64.09396149250733,64.09396149250733
2022-08-01,64.14177314667515,64.14177314667515,64.14177314667515,64.14177314667515
2022-08-02,63.07859308846289,63.07859308846289,63.07859308846289,63.07859308846289
2022-08-03,62.919984324811715,62.919984324811715,62.919984324811715,62.919984324811715
2022-08-04,62.99569516079299,62.99569516079299,62.99569516079299,62.99569516079299
2022-08-05,62.81252505132297,62.81252505132297,62.81252505132297,62.81252505132297
2022-08-06,62.22021778143449,62.22021778143449,62.22021778143449,62.22021778143449
2022-08-07,61.33517872841108,61.33517872841108,61.33517872841108,61.33517872841108
2022-08-08,61.125626820822276,61.125626820822276,61.125626820822276,61.125626820822276
2022-08-09,60.650822215618575,60.650822215618575,60.650822215618575,60.650822215618575
2022-08-10,61.22025712052743,61.22025712052743,61.22025712052743,61.22025712052743
2022-08-11,62.55426682068589,62.55426682068589,62.55426682068589,62.55426682068589
2022-08-12,63.47190696582722,63.47190696582722,63.47190696582722,63.47190696582722
2022-08-13,63.57945729077855,63.57945729077855,63.57945729077855,63.57945729077855
2022-08-14,63.01334251819169,63.01334251819169,63.01334251819169,63.01334251819169
2022-08-15,63.909889947109804,63.909889947109804,63.909889947109804,63.909889947109804
2022-08-16,64.56992425821252,64.56992425821252,64.56992425821252,64.56992425821252
2022-08-17,65.89754072316249,65.89754072316249,65.89754072316249,65.89754072316249
2022-08-18,66.1455786756975,66.1455786756975,66.1455786756975,66.1455786756975
2022-08-19,67.92089009344451,67.92089009344451,67.92089009344451,67.92089009344451
2022-08-20,68.17686095409738,68.17686095409738,68.17686095409738,68.17686095409738
2022-08-21,67.56522792302938,67.56522792302938,67.56522792302938,67.56522792302938
2022-08-22,67.12887225536873,67.12887225536873,67.12887225536873,67.12887225536873
2022-08-23,67.70903570347666,67.70903570347666,67.70903570347666,67.70903570347666
2022-08-24,69.58753777727718,69.58753777727718,69.58753777727718,69.58753777727718
2022-08-25,74.14359015685281,74.14359015685281,74.14359015685281,74.14359015685281
2022-08-26,79.06783281307915,79.06783281307915,79.06783281307915,79.06783281307915
2022-08-27,80.04385314953393,80.04385314953393,80.04385314953393,80.04385314953393
2022-08-28,79.85869420607533,79.85869420607533,79.85869420607533,79.85869420607533
2022-08-29,77.68933494017047,77.68933494017047,77.68933494017047,77.68933494017047
2022-08-30,76.70081497300663,76.70081497300663,76.70081497300663,76.70081497300663
2022-08-31,74.96529773849304,74.96529773849304,74.96529773849304,74.96529773849304
2022-09-01,77.27618224496423,77.27618224496423,77.27618224496423,77.27618224496423
2022-09-02,75.44517842033281,75.44517842033281,75.44517842033281,75.44517842033281
2022-09-03,74.85734532331513,74.85734532331513,74.85734532331513,74.85734532331513
2022-09-04,75.51555835465301,75.51555835465301,75.51555835465301,75.51555835465301
2022-09-05,74.15574036866835,74.15574036866835,74.15574036866835,74.15574036866835
2022-09-06,74.6618075116232,74.6618075116232,74.6618075116232,74.6618075116232
2022-09-07,73.9537034151207,73.9537034151207,73.9537034151207,73.9537034151207
2022-09-08,74.37205965689402,74.37205965689402,74.37205965689402,74.37205965689402
2022-09-09,74.10637665301317,74.10637665301317,74.10637665301317,74.10637665301317
2022-09-10,73.99144092548076,73.99144092548076,73.99144092548076,73.99144092548076
2022-09-11,75.22976335657714,75.22976335657714,75.22976335657714,75.22976335657714
2022-09-12,73.98595050524118,73.98595050524118,73.98595050524118,73.98595050524118
2022-09-13,74.39940990158233,74.39940990158233,74.39940990158233,74.39940990158233
2022-09-14,75.35986141105684,75.35986141105684,75.35986141105684,75.35986141105684
2022-09-15,74.0119379367204,74.0119379367204,74.0119379367204,74.0119379367204
2022-09-16,72.3438213717315,72.3438213717315,72.3438213717315,72.3438213717315
2022-09-17,72.10610394734562,72.10610394734562,72.10610394734562,72.10610394734562
2022-09-18,69.8976841387571,69.8976841387571,69.8976841387571,69.8976841387571
2022-09-19,70.22009478261626,70.22009478261626,70.22009478261626,70.22009478261626
2022-09-20,70.95978365197038,70.95978365197038,70.95978365197038,70.95978365197038
2022-09-21,69.53491509492402,69.53491509492402,69.53491509492402,69.53491509492402
2022-09-22,70.47406653256998,70.47406653256998,70.47406653256998,70.47406653256998
2022-09-23,71.82276494797402,71.82276494797402,71.82276494797402,71.82276494797402
2022-09-24,72.2709271026425,72.2709271026425,72.2709271026425,72.2709271026425
2022-09-25,73.73665938048337,73.73665938048337,73.73665938048337,73.73665938048337
2022-09-26,73.43410225734878,73.43410225734878,73.43410225734878,73.43410225734878
2022-09-27,72.88597383651245,72.88597383651245,72.88597383651245,72.88597383651245
2022-09-28,72.80115354309049,72.80115354309049,72.80115354309049,72.80115354309049
2022-09-29,71.72920584588039,71.72920584588039,71.72920584588039,71.72920584588039
2022-09-30,71.1531160973102,71.1531160973102,71.1531160973102,71.1531160973102
2022-10-01,71.21995564738674,71.21995564738674,71.21995564738674,71.21995564738674
2022-10-02,71.42579121196712,71.42579121196712,71.42579121196712,71.42579121196712
2022-10-03,71.9677717854271,71.9677717854271,71.9677717854271,71.9677717854271
2022-10-04,69.75736926544538,69.75736926544538,69.75736926544538,69.75736926544538
2022-10-05,72.88712381341517,72.88712381341517,72.88712381341517,72.88712381341517
2022-10-06,71.91940011097455,71.91940011097455,71.91940011097455,71.91940011097455
2022-10-07,72.671966324201,72.671966324201,72.671966324201,72.671966324201
2022-10-08,73.03158625941573,73.03158625941573,73.03158625941573,73.03158625941573
2022-10-09,72.37717190093144,72.37717190093144,72.37717190093144,72.37717190093144
2022-10-10,73.0291627686874,73.0291627686874,73.0291627686874,73.0291627686874
2022-10-11,72.08289490842397,72.08289490842397,72.08289490842397,72.08289490842397
2022-10-12,72.10716417151758,72.10716417151758,72.10716417151758,72.10716417151758
2022-10-13,74.33175015361147,74.33175015361147,74.33175015361147,74.33175015361147
2022-10-14,73.8906794917847,73.8906794917847,73.8906794917847,73.8906794917847
2022-10-15,74.0246047255857,74.0246047255857,74.0246047255857,74.0246047255857
2022-10-16,72.88833388124367,72.88833388124367,72.88833388124367,72.88833388124367
2022-10-17,73.67743168773939,73.67743168773939,73.67743168773939,73.67743168773939
2022-10-18,72.88359973789166,72.88359973789166,72.88359973789166,72.88359973789166
2022-10-19,73.266196713515,73.266196713515,73.266196713515,73.266196713515
2022-10-20,74.42945427336956,74.42945427336956,74.42945427336956,74.42945427336956
2022-10-21,74.20723020322002,74.20723020322002,74.20723020322002,74.20723020322002
2022-10-22,74.89483772413232,74.89483772413232,74.89483772413232,74.89483772413232
2022-10-23,75.35418719499422,75.35418719499422,75.35418719499422,75.35418719499422
2022-10-24,76.59781777390741,76.59781777390741,76.59781777390741,76.59781777390741
2022-10-25,77.31395027255738,77.31395027255738,77.31395027255738,77.31395027255738
2022-10-26,78.87154401425322,78.87154401425322,78.87154401425322,78.87154401425322
2022-10-27,78.62538601416831,78.62538601416831,78.62538601416831,78.62538601416831
2022-10-28,77.181011038617,77.181011038617,77.181011038617,77.181011038617
2022-10-29,75.3397722927315,75.3397722927315,75.3397722927315,75.3397722927315
2022-10-30,73.64531255473537,73.64531255473537,73.64531255473537,73.64531255473537
2022-10-31,73.36891876683752,73.36891876683752,73.36891876683752,73.36891876683752
2022-11-01,73.61436765284567,73.61436765284567,73.61436765284567,73.61436765284567
2022-11-02,72.90018033762234,72.90018033762234,72.90018033762234,72.90018033762234
2022-11-03,70.49910821931464,70.49910821931464,70.49910821931464,70.49910821931464
2022-11-04,69.8332522527343,69.8332522527343,69.8332522527343,69.8332522527343
2022-11-05,69.4132985287694,69.4132985287694,69.4132985287694,69.4132985287694
2022-11-06,69.44807244447013,69.44807244447013,69.44807244447013,69.44807244447013
2022-11-07,71.00931861190996,71.00931861190996,71.00931861190996,71.00931861190996
2022-11-08,69.12323668411473,69.12323668411473,69.12323668411473,69.12323668411473
2022-11-09,69.88356437102857,69.88356437102857,69.88356437102857,69.88356437102857
2022-11-10,70.54270824755075,70.54270824755075,70.54270824755075,70.54270824755075
2022-11-11,70.33176542264404,70.33176542264404,70.33176542264404,70.33176542264404
2022-11-12,70.80167079251369,70.80167079251369,70.80167079251369,70.80167079251369
2022-11-13,70.657699112613,70.657699112613,70.657699112613,70.657699112613
2022-11-14,71.30040854921246,71.30040854921246,71.30040854921246,71.30040854921246
2022-11-15,70.42636612788354,70.42636612788354,70.42636612788354,70.42636612788354
2022-11-16,69.44292632070717,69.44292632070717,69.44292632070717,69.44292632070717
2022-11-17,67.50675007777163,67.50675007777163,67.50675007777163,67.50675007777163
2022-11-18,67.96259480738362,67.96259480738362,67.96259480738362,67.96259480738362
2022-11-19,67.4019133582159,67.4019133582159,67.4019133582159,67.4019133582159
2022-11-20,65.85152270234732,65.85152270234732,65.85152270234732,65.85152270234732
2022-11-21,64.94685486838395,64.94685486838395,64.94685486838395,64.94685486838395
2022-11-22,65.53563444771584,65.53563444771584,65.53563444771584,65.53563444771584
2022-11-23,65.7458166058655,65.7458166058655,65.7458166058655,65.7458166058655
2022-11-24,64.87413090790267,64.87413090790267,64.87413090790267,64.87413090790267
2022-11-25,66.2858711783135,66.2858711783135,66.2858711783135,66.2858711783135
2022-11-26,66.2641849268416,66.2641849268416,66.2641849268416,66.2641849268416
2022-11-27,66.78630827075165,66.78630827075165,66.78630827075165,66.78630827075165
2022-11-28,66.97920256533521,66.97920256533521,66.97920256533521,66.97920256533521
2022-11-29,66.74751298636944,66.74751298636944,66.74751298636944,66.74751298636944
2022-11-30,67.20258973679817,67.20258973679817,67.20258973679817,67.20258973679817
2022-12-01,68.41501154509594,68.41501154509594,68.41501154509594,68.41501154509594
2022-12-02,70.46534937160776,70.46534937160776,70.46534937160776,70.46534937160776
2022-12-03,77.49409854739058,77.49409854739058,77.49409854739058,77.49409854739058
2022-12-04,80.47258948674666,80.47258948674666,80.47258948674666,80.47258948674666
2022-12-05,92.31327678469653,92.31327678469653,92.31327678469653,92.31327678469653
2022-12-06,93.74409444330637,93.74409444330637,93.74409444330637,93.74409444330637
2022-12-07,93.55854536196584,93.55854536196584,93.55854536196584,93.55854536196584
2022-12-08,93.45120466088144,93.45120466088144,93.45120466088144,93.45120466088144
2022-12-09,94.87710059378942,94.87710059378942,94.87710059378942,94.87710059378942
2022-12-10,98.09892247206747,98.09892247206747,98.09892247206747,98.09892247206747
2022-12-11,98.04749600279185,98.04749600279185,98.04749600279185,98.04749600279185
2022-12-12,101.91994461417448,101.91994461417448,101.91994461417448,101.91994461417448
2022-12-13,100.7728235580364,100.7728235580364,100.7728235580364,100.7728235580364
2022-12-14,103.33111824627323,103.33111824627323,103.33111824627323,103.33111824627323
2022-12-15,104.29568800840158,104.29568800840158,104.29568800840158,104.29568800840158
2022-12-16,106.92664575120453,106.92664575120453,106.92664575120453,106.92664575120453
2022-12-17,106.07922923241514,106.07922923241514,106.07922923241514,106.07922923241514
2022-12-18,104.5494234380465,104.5494234380465,104.5494234380465,104.5494234380465
2022-12-19,104.68651408112602,104.68651408112602,104.68651408112602,104.68651408112602
2022-12-20,103.56117608996126,103.56117608996126,103.56117608996126,103.56117608996126
2022-12-21,104.00719219050795,104.00719219050795,104.00719219050795,104.00719219050795
2022-12-22,101.66303288171423,101.66303288171423,101.66303288171423,101.66303288171423
2022-12-23,98.70402512519678,98.70402512519678,98.70402512519678,98.70402512519678
2022-12-24,99.33680168132415,99.33680168132415,99.33680168132415,99.33680168132415
2022-12-25,101.90849099500353,101.90849099500353,101.90849099500353,101.90849099500353
2022-12-26,102.63054171194027,102.63054171194027,102.63054171194027,102.63054171194027
2022-12-27,103.57216704757673,103.57216704757673,103.57216704757673,103.57216704757673
2022-12-28,103.77310542765304,103.77310542765304,103.77310542765304,103.77310542765304
2022-12-29,104.11975039171531,104.11975039171531,104.11975039171531,104.11975039171531
2022-12-30,101.99511218388525,101.99511218388525,101.99511218388525,101.99511218388525
2022-12-31,100.9514013884966,100.9514013884966,100.9514013884966,100.9514013884966
2023-01-01,102.90394258387114,102.90394258387114,102.90394258387114,102.90394258387114
2023-01-02,101.30021638764579,101.30021638764579,101.30021638764579,101.30021638764579
2023-01-03,100.90047289444146,100.90047289444146,100.90047289444146,100.90047289444146
2023-01-04,102.8172252466829,102.8172252466829,102.8172252466829,102.8172252466829
2023-01-05,103.11804312434492,103.11804312434492,103.11804312434492,103.11804312434492
2023-01-06,103.49759349498756,103.49759349498756,103.49759349498756,103.49759349498756
2023-01-07,103.10049941746398,103.10049941746398,103.10049941746398,103.10049941746398
2023-01-08,104.27807519012445,104.27807519012445,104.27807519012445,104.27807519012445
2023-01-09,105.85794379215562,105.85794379215562,105.85794379215562,105.85794379215562
2023-01-10,104.69458172521419,104.69458172521419,104.69458172521419,104.69458172521419
2023-01-11,102.68774423182107,102.68774423182107,102.68774423182107,102.68774423182107
2023-01-12,99.94155761155163,99.94155761155163,99.94155761155163,99.94155761155163
2023-01-13,100.78305252461286,100.78305252461286,100.78305252461286,100.78305252461286
2023-01-14,101.4511110352883,101.4511110352883,101.4511110352883,101.4511110352883
2023-01-15,105.32603548692646,105.32603548692646,105.32603548692646,105.32603548692646
2023-01-16,105.5395777441498,105.5395777441498,105.5395777441498,105.5395777441498
2023-01-17,105.46745782272923,105.46745782272923,105.46745782272923,105.46745782272923
2023-01-18,105.97484960308492,105.97484960308492,105.97484960308492,105.97484960308492
2023-01-19,106.57100763220635,106.57100763220635,106.57100763220635,106.57100763220635
2023-01-20,106.37657987482038,106.37657987482038,106.37657987482038,106.37657987482038
2023-01-21,105.25577735886324,105.25577735886324,105.25577735886324,105.25577735886324
2023-01-22,105.38447542513674,105.38447542513674,105.38447542513674,105.38447542513674
2023-01-23,105.45436799531056,105.45436799531056,105.45436799531056,105.45436799531056
2023-01-24,105.49914345794711,105.49914345794711,105.49914345794711,105.49914345794711
2023-01-25,106.87764743442956,106.87764743442956,106.87764743442956,106.87764743442956
2023-01-26,106.97974650718176,106.97974650718176,106.97974650718176,106.97974650718176
2023-01-27,104.96023169045115,104.96023169045115,104.96023169045115,104.96023169045115
2023-01-28,104.08458174645158,104.08458174645158,104.08458174645158,104.08458174645158
2023-01-29,103.8759369638013,103.8759369638013,103.8759369638013,103.8759369638013
2023-01-30,104.04730617378657,104.04730617378657,104.04730617378657,104.04730617378657
2023-01-31,104.95724058158447,104.95724058158447,104.95724058158447,104.95724058158447
2023-02-01,105.14271222404848,105.14271222404848,105.14271222404848,105.14271222404848
2023-02-02,102.11123770341212,102.11123770341212,102.11123770341212,102.11123770341212
2023-02-03,100.3400752820526,100.3400752820526,100.3400752820526,100.3400752820526
2023-02-04,101.32330075125353,101.32330075125353,101.32330075125353,101.32330075125353
2023-02-05,101.07995834878744,101.07995834878744,101.07995834878744,101.07995834878744
2023-02-06,103.4210603528001,103.4210603528001,103.4210603528001,103.4210603528001
2023-02-07,103.7344273920393,103.7344273920393,103.7344273920393,103.7344273920393
2023-02-08,103.29290363101563,103.29290363101563,103.29290363101563,103.29290363101563
2023-02-09,102.4251358207383,102.4251358207383,102.4251358207383,102.4251358207383
2023-02-10,102.04236844859186,102.04236844859186,102.04236844859186,102.04236844859186
2023-02-11,102.36978258341395,102.36978258341395,102.36978258341395,102.36978258341395
2023-02-12,102.45635571579344,102.45635571579344,102.45635571579344,102.45635571579344
2023-02-13,103.99763864444874,103.99763864444874,103.99763864444874,103.99763864444874
2023-02-14,101.76444852016337,101.76444852016337,101.76444852016337,101.76444852016337
2023-02-15,99.75936522490645,99.75936522490645,99.75936522490645,99.75936522490645
2023-02-16,99.50283590982635,99.50283590982635,99.50283590982635,99.50283590982635
2023-02-17,100.39059433349193,100.39059433349193,100.39059433349193,100.39059433349193
2023-02-18,101.61408737497052,101.61408737497052,101.61408737497052,101.61408737497052
2023-02-19,100.81665497139014,100.81665497139014,100.81665497139014,100.81665497139014
2023-02-20,96.97900504361544,96.97900504361544,96.97900504361544,96.97900504361544
2023-02-21,96.26197460111847,96.26197460111847,96.26197460111847,96.26197460111847
2023-02-22,96.9047215890495,96.9047215890495,96.9047215890495,96.9047215890495
2023-02-23,96.95999141624554,96.95999141624554,96.95999141624554,96.95999141624554
2023-02-24,97.88008089181093,97.88008089181093,97.88008089181093,97.88008089181093
2023-02-25,99.71519268716072,99.71519268716072,99.71519268716072,99.71519268716072
2023-02-26,99.55784773749549,99.55784773749549,99.55784773749549,99.55784773749549
2023-02-27,98.97551061265261,98.97551061265261,98.97551061265261,98.97551061265261
2023-02-28,97.74108401495863,97.74108401495863,97.74108401495863,97.74108401495863
2023-03-01,95.80791030909852,95.80791030909852,95.80791030909852,95.80791030909852
2023-03-02,93.56567745205582,93.56567745205582,93.56567745205582,93.56567745205582
2023-03-03,92.7014963331562,92.7014963331562,92.7014963331562,92.7014963331562
2023-03-04,94.2216683387049,94.2216683387049,94.2216683387049,94.2216683387049
2023-03-05,95.25517527248921,95.25517527248921,95.25517527248921,95.25517527248921
2023-03-06,94.63423811220171,94.63423811220171,94.63423811220171,94.63423811220171
2023-03-07,97.77227378972512,97.77227378972512,97.77227378972512,97.77227378972512
2023-03-08,96.96215972940082,96.96215972940082,96.96215972940082,96.96215972940082
2023-03-09,98.93302415961999,98.93302415961999,98.93302415961999,98.93302415961999
2023-03-10,101.3294459532171,101.3294459532171,101.3294459532171,101.3294459532171
2023-03-11,102.1096403459487,102.1096403459487,102.1096403459487,102.1096403459487
2023-03-12,105.63293879194939,105.63293879194939,105.63293879194939,105.63293879194939
2023-03-13,106.8239141465174,106.8239141465174,106.8239141465174,106.8239141465174
2023-03-14,109.91259096943179,109.91259096943179,109.91259096943179,109.91259096943179
2023-03-15,111.1398145067714,111.1398145067714,111.1398145067714,111.1398145067714
2023-03-16,114.2978134737718,114.2978134737718,114.2978134737718,114.2978134737718
2023-03-17,113.61532467188036,113.61532467188036,113.61532467188036,113.61532467188036
2023-03-18,112.96308155301317,112.96308155301317,112.96308155301317,112.96308155301317
2023-03-19,111.72888219000205,111.72888219000205,111.72888219000205,111.72888219000205
2023-03-20,113.29240374532897,113.29240374532897,113.29240374532897,113.29240374532897
2023-03-21,114.4147877952701,114.4147877952701,114.4147877952701,114.4147877952701
2023-03-22,116.75655911166584,116.75655911166584,116.75655911166584,116.75655911166584
2023-03-23,117.34240773170175,117.34240773170175,117.34240773170175,117.34240773170175
2023-03-24,115.8070629704993,115.8070629704993,115.8070629704993,115.8070629704993
2023-03-25,114.88635401951457,114.88635401951457,114.88635401951457,114.88635401951457
2023-03-26,115.04476841233853,115.04476841233853,115.04476841233853,115.04476841233853
2023-03-27,117.6487239535242,117.6487239535242,117.6487239535242,117.6487239535242
2023-03-28,120.91807300538952,120.91807300538952,120.91807300538952,120.91807300538952
2023-03-29,119.46632481436785,119.46632481436785,119.46632481436785,119.46632481436785
2023-03-30,120.20559927789141,120.20559927789141,120.20559927789141,120.20559927789141
2023-03-31,119.22933221558688,119.22933221558688,119.22933221558688,119.22933221558688
2023-04-01,117.03319169168888,117.03319169168888,117.03319169168888,117.03319169168888
2023-04-02,118.14402845061272,118.14402845061272,118.14402845061272,118.14402845061272
2023-04-03,118.50029057259914,118.50029057259914,118.50029057259914,118.50029057259914
2023-04-04,118.96920310998225,118.96920310998225,118.96920310998225,118.96920310998225
2023-04-05,118.77070941118187,118.77070941118187,118.77070941118187,118.77070941118187
2023-04-06,119.40754519432521,119.40754519432521,119.40754519432521,119.40754519432521
2023-04-07,119.97932550166279,119.97932550166279,119.97932550166279,119.97932550166279
2023-04-08,121.58266208527841,121.58266208527841,121.58266208527841,121.58266208527841
2023-04-09,120.19605068920075,120.19605068920075,120.19605068920075,120.19605068920075
2023-04-10,121.89429867069136,121.89429867069136,121.89429867069136,121.89429867069136
2023-04-11,123.33469135732308,123.33469135732308,123.33469135732308,123.33469135732308
2023-04-12,124.03697389780777,124.03697389780777,124.03697389780777,124.03697389780777
2023-04-13,124.1925999709674,124.1925999709674,124.1925999709674,124.1925999709674
2023-04-14,124.1161499559336,124.1161499559336,124.1161499559336,124.1161499559336
2023-04-15,124.0555317839657,124.0555317839657,124.0555317839657,124.0555317839657
2023-04-16,124.21149225906093,124.21149225906093,124.21149225906093,124.21149225906093
2023-04-17,121.53112722624155,121.53112722624155,121.53112722624155,121.53112722624155
2023-04-18,125.82192358952732,125.82192358952732,125.82192358952732,125.82192358952732
2023-04-19,127.95227697877374,127.95227697877374,127.95227697877374,127.95227697877374
2023-04-20,131.5311821910594,131.5311821910594,131.5311821910594,131.5311821910594
2023-04-21,132.86664891134458,132.86664891134458,132.86664891134458,132.86664891134458
2023-04-22,131.73254265361487,131.73254265361487,131.73254265361487,131.73254265361487
2023-04-23,132.78262885083265,132.78262885083265,132.78262885083265,132.78262885083265
2023-04-24,134.53892048107343,134.53892048107343,134.53892048107343,134.53892048107343
2023-04-25,132.77636691138383,132.77636691138383,132.77636691138383,132.77636691138383
2023-04-26,135.4477925076673,135.4477925076673,135.4477925076673,135.4477925076673
2023-04-27,134.6971165400503,134.6971165400503,134.6971165400503,134.6971165400503
2023-04-28,136.25927434515802,136.25927434515802,136.25927434515802,136.25927434515802
2023-04-29,139.32477541437657,139.32477541437657,139.32477541437657,139.32477541437657
2023-04-30,140.01718415567225,140.01718415567225,140.01718415567225,140.01718415567225
2023-05-01,143.1846752528684,143.1846752528684,143.1846752528684,143.1846752528684
2023-05-02,140.18526437069636,140.18526437069636,140.18526437069636,140.18526437069636
2023-05-03,137.97109100927852,137.97109100927852,137.97109100927852,137.97109100927852
2023-05-04,136.3902483263114,136.3902483263114,136.3902483263114,136.3902483263114
2023-05-05,132.21509603848773,132.21509603848773,132.21509603848773,132.21509603848773
2023-05-06,128.9516654637143,128.9516654637143,128.9516654637143,128.9516654637143
2023-05-07,131.8734440983806,131.8734440983806,131.8734440983806,131.8734440983806
2023-05-08,134.28649455966305,134.28649455966305,134.28649455966305,134.28649455966305
2023-05-09,133.23973575597157,133.23973575597157,133.23973575597157,133.23973575597157
2023-05-10,137.7717218628269,137.7717218628269,137.7717218628269,137.7717218628269
2023-05-11,137.27019719366265,137.27019719366265,137.27019719366265,137.27019719366265
2023-05-12,141.21256073750178,141.21256073750178,141.21256073750178,141.21256073750178
2023-05-13,145.3217360655792,145.3217360655792,145.3217360655792,145.3217360655792
2023-05-14,144.0760609298904,144.0760609298904,144.0760609298904,144.0760609298904
2023-05-15,145.98042249163476,145.98042249163476,145.98042249163476,145.98042249163476
2023-05-16,148.54070462777145,148.54070462777145,148.54070462777145,148.54070462777145
2023-05-17,147.21290169460434,147.21290169460434,147.21290169460434,147.21290169460434
2023-05-18,141.20610845973178,141.20610845973178,141.20610845973178,141.20610845973178
2023-05-19,143.01553053657292,143.01553053657292,143.01553053657292,143.01553053657292
2023-05-20,141.32095252044726,141.32095252044726,141.32095252044726,141.32095252044726
2023-05-21,141.1473194599785,141.1473194599785,141.1473194599785,141.1473194599785
2023-05-22,141.6621850133465,141.6621850133465,141.6621850133465,141.6621850133465
2023-05-23,143.00108687957191,143.00108687957191,143.00108687957191,143.00108687957191
2023-05-24,142.36556390864203,142.36556390864203,142.36556390864203,142.36556390864203
2023-05-25,143.03823330969811,143.03823330969811,143.03823330969811,143.03823330969811
2023-05-26,145.72443705966856,145.72443705966856,145.72443705966856,145.72443705966856
2023-05-27,141.60620111507907,141.60620111507907,141.60620111507907,141.60620111507907
2023-05-28,138.72276361175645,138.72276361175645,138.72276361175645,138.72276361175645
2023-05-29,136.38985486384132,136.38985486384132,136.38985486384132,136.38985486384132
2023-05-30,135.41921559900743,135.41921559900743,135.41921559900743,135.41921559900743
2023-05-31,137.09456591900258,137.09456591900258,137.09456591900258,137.09456591900258
2023-06-01,139.32844773091117,139.32844773091117,139.32844773091117,139.32844773091117
2023-06-02,139.0324892898511,139.0324892898511,139.0324892898511,139.0324892898511
2023-06-03,138.74307011308366,138.74307011308366,138.74307011308366,138.74307011308366
2023-06-04,141.7478976987878,141.7478976987878,141.7478976987878,141.7478976987878
2023-06-05,142.29863018548625,142.29863018548625,142.29863018548625,142.29863018548625
2023-06-06,141.60466669214617,141.60466669214617,141.60466669214617,141.60466669214617
2023-06-07,143.6299893584351,143.6299893584351,143.6299893584351,143.6299893584351
2023-06-08,145.42129056176657,145.42129056176657,145.42129056176657,145.42129056176657
2023-06-09,146.39992377724585,146.39992377724585,146.39992377724585,146.39992377724585
2023-06-10,145.25777491579603,145.25777491579603,145.25777491579603,145.25777491579603
2023-06-11,143.24658964488722,143.24658964488722,143.24658964488722,143.24658964488722
2023-06-12,141.44356808565502,141.44356808565502,141.44356808565502,141.44356808565502
2023-06-13,139.77393688389958,139.77393688389958,139.77393688389958,139.77393688389958
2023-06-14,137.95094190300517,137.95094190300517,137.95094190300517,137.95094190300517
2023-06-15,136.9727082556558,136.9727082556558,136.9727082556558,136.9727082556558
2023-06-16,137.0534820104058,137.0534820104058,137.0534820104058,137.0534820104058
2023-06-17,137.37208534932884,137.37208534932884,137.37208534932884,137.37208534932884
2023-06-18,135.15141120784267,135.15141120784267,135.15141120784267,135.15141120784267
2023-06-19,135.7604251811298,135.7604251811298,135.7604251811298,135.7604251811298
2023-06-20,146.68949103295256,146.68949103295256,146.68949103295256,146.68949103295256
2023-06-21,158.61708796658743,158.61708796658743,158.61708796658743,158.61708796658743
2023-06-22,158.5258194083159,158.5258194083159,158.5258194083159,158.5258194083159
2023-06-23,155.2537776225117,155.2537776225117,155.2537776225117,155.2537776225117
2023-06-24,179.1478426578306,179.1478426578306,179.1478426578306,179.1478426578306
2023-06-25,177.3171534886871,177.3171534886871,177.3171534886871,177.3171534886871
2023-06-26,175.30393237539812,175.30393237539812,175.30393237539812,175.30393237539812
2023-06-27,172.7730121294038,172.7730121294038,172.7730121294038,172.7730121294038
2023-06-28,173.07107974079616,173.07107974079616,173.07107974079616,173.07107974079616
2023-06-29,173.6675905618334,173.6675905618334,173.6675905618334,173.6675905618334
2023-06-30,172.85041202704213,172.85041202704213,172.85041202704213,172.85041202704213
2023-07-01,170.20889730708407,170.20889730708407,170.20889730708407,170.20889730708407
2023-07-02,162.88646675828272,162.88646675828272,162.88646675828272,162.88646675828272
2023-07-03,164.08342119210832,164.08342119210832,164.08342119210832,164.08342119210832
2023-07-04,166.4394987479645,166.4394987479645,166.4394987479645,166.4394987479645
2023-07-05,168.11842621970345,168.11842621970345,168.11842621970345,168.11842621970345
2023-07-06,173.44146446551073,173.44146446551073,173.44146446551073,173.44146446551073
2023-07-07,173.10439023822184,173.10439023822184,173.10439023822184,173.10439023822184
2023-07-08,176.81283091325577,176.81283091325577,176.81283091325577,176.81283091325577
2023-07-09,175.24105985029286,175.24105985029286,175.24105985029286,175.24105985029286
2023-07-10,173.28048388413401,173.28048388413401,173.28048388413401,173.28048388413401
2023-07-11,173.73795384694827,173.73795384694827,173.73795384694827,173.73795384694827
2023-07-12,178.11096887553157,178.11096887553157,178.11096887553157,178.11096887553157
2023-07-13,177.47383583310182,177.47383583310182,177.47383583310182,177.47383583310182
2023-07-14,173.45443286739163,173.45443286739163,173.45443286739163,173.45443286739163
2023-07-15,175.89088599700617,175.89088599700617,175.89088599700617,175.89088599700617
2023-07-16,175.82623590261218,175.82623590261218,175.82623590261218,175.82623590261218
2023-07-17,176.75482588147773,176.75482588147773,176.75482588147773,176.75482588147773
2023-07-18,174.90298929980048,174.90298929980048,174.90298929980048,174.90298929980048
2023-07-19,175.34008169227437,175.34008169227437,175.34008169227437,175.34008169227437
2023-07-20,171.6975370844127,171.6975370844127,171.6975370844127,171.6975370844127
2023-07-21,176.65950433011412,176.65950433011412,176.65950433011412,176.65950433011412
2023-07-22,179.66284327270594,179.66284327270594,179.66284327270594,179.66284327270594
2023-07-23,179.9894402566202,179.9894402566202,179.9894402566202,179.9894402566202
2023-07-24,182.43578565558792,182.43578565558792,182.43578565558792,182.43578565558792
2023-07-25,180.82063649510204,180.82063649510204,180.82063649510204,180.82063649510204
2023-07-26,183.7588655632987,183.7588655632987,183.7588655632987,183.7588655632987
2023-07-27,182.98310362705223,182.98310362705223,182.98310362705223,182.98310362705223
2023-07-28,182.0215773812792,182.0215773812792,182.0215773812792,182.0215773812792
2023-07-29,179.55940086589953,179.55940086589953,179.55940086589953,179.55940086589953
2023-07-30,180.84396630297198,180.84396630297198,180.84396630297198,180.84396630297198
2023-07-31,181.05434061511045,181.05434061511045,181.05434061511045,181.05434061511045
2023-08-01,185.03451400956024,185.03451400956024,185.03451400956024,185.03451400956024
2023-08-02,182.23384956825447,182.23384956825447,182.23384956825447,182.23384956825447
2023-08-03,183.55041741473238,183.55041741473238,183.55041741473238,183.55041741473238
2023-08-04,186.96643582962128,186.96643582962128,186.96643582962128,186.96643582962128
2023-08-05,194.3784312458179,194.3784312458179,194.3784312458179,194.3784312458179
2023-08-06,195.1006957248058,195.1006957248058,195.1006957248058,195.1006957248058
2023-08-07,194.2232314398769,194.2232314398769,194.2232314398769,194.2232314398769
2023-08-08,194.86939555276783,194.86939555276783,194.86939555276783,194.86939555276783
2023-08-09,198.87668259939613,198.87668259939613,198.87668259939613,198.87668259939613
2023-08-10,202.96493607338917,202.96493607338917,202.96493607338917,202.96493607338917
2023-08-11,202.76785145675254,202.76785145675254,202.76785145675254,202.76785145675254
2023-08-12,206.87489770127775,206.87489770127775,206.87489770127775,206.87489770127775
2023-08-13,206.96943519870814,206.96943519870814,206.96943519870814,206.96943519870814
2023-08-14,209.74475052840268,209.74475052840268,209.74475052840268,209.74475052840268
2023-08-15,211.6326637668439,211.6326637668439,211.6326637668439,211.6326637668439
2023-08-16,210.5583375883397,210.5583375883397,210.5583375883397,210.5583375883397
2023-08-17,207.813466933072,207.813466933072,207.813466933072,207.813466933072
2023-08-18,211.77384668691658,211.77384668691658,211.77384668691658,211.77384668691658
2023-08-19,216.77589004939867,216.77589004939867,216.77589004939867,216.77589004939867
2023-08-20,218.26209500652485,218.26209500652485,218.26209500652485,218.26209500652485
2023-08-21,218.35748992641751,218.35748992641751,218.35748992641751,218.35748992641751
2023-08-22,214.67039337854334,214.67039337854334,214.67039337854334,214.67039337854334
2023-08-23,218.66652371617565,218.66652371617565,218.66652371617565,218.66652371617565
2023-08-24,219.77064054637782,219.77064054637782,219.77064054637782,219.77064054637782
2023-08-25,219.0929613801411,219.0929613801411,219.0929613801411,219.0929613801411
2023-08-26,222.13166232638153,222.13166232638153,222.13166232638153,222.13166232638153
2023-08-27,217.8245970987815,217.8245970987815,217.8245970987815,217.8245970987815
2023-08-28,214.73040526024803,214.73040526024803,214.73040526024803,214.73040526024803
2023-08-29,212.71920280169778,212.71920280169778,212.71920280169778,212.71920280169778
2023-08-30,214.5291491853338,214.5291491853338,214.5291491853338,214.5291491853338
2023-08-31,215.2786554080124,215.2786554080124,215.2786554080124,215.2786554080124
2023-09-01,217.50050809699746,217.50050809699746,217.50050809699746,217.50050809699746
2023-09-02,221.29491269538462,221.29491269538462,221.29491269538462,221.29491269538462
2023-09-03,223.704505702874,223.704505702874,223.704505702874,223.704505702874
2023-09-04,230.2586515445296,230.2586515445296,230.2586515445296,230.2586515445296
2023-09-05,234.26658199668074,234.26658199668074,234.26658199668074,234.26658199668074
2023-09-06,234.0309760050352,234.0309760050352,234.0309760050352,234.0309760050352
2023-09-07,232.33895011821218,232.33895011821218,232.33895011821218,232.33895011821218
2023-09-08,232.2093051618872,232.2093051618872,232.2093051618872,232.2093051618872
2023-09-09,234.86619230857212,234.86619230857212,234.86619230857212,234.86619230857212
2023-09-10,233.5198698775487,233.5198698775487,233.5198698775487,233.5198698775487
2023-09-11,236.294589683866,236.294589683866,236.294589683866,236.294589683866
2023-09-12,238.66474546270797,238.66474546270797,238.66474546270797,238.66474546270797
2023-09-13,235.50683366328653,235.50683366328653,235.50683366328653,235.50683366328653
2023-09-14,239.5315822741472,239.5315822741472,239.5315822741472,239.5315822741472
2023-09-15,241.04286120989016,241.04286120989016,241.04286120989016,241.04286120989016
2023-09-16,247.88191129211825,247.88191129211825,247.88191129211825,247.88191129211825
2023-09-17,248.00801028579207,248.00801028579207,248.00801028579207,248.00801028579207
2023-09-18,247.0785514735266,247.0785514735266,247.0785514735266,247.0785514735266
2023-09-19,243.37107942716838,243.37107942716838,243.37107942716838,243.37107942716838
2023-09-20,239.6676910461069,239.6676910461069,239.6676910461069,239.6676910461069
2023-09-21,243.27579559422222,243.27579559422222,243.27579559422222,243.27579559422222
2023-09-22,249.71267866823237,249.71267866823237,249.71267866823237,249.71267866823237
2023-09-23,249.52121439898002,249.52121439898002,249.52121439898002,249.52121439898002
2023-09-24,249.0889623496897,249.0889623496897,249.0889623496897,249.0889623496897
2023-09-25,249.54997182887266,249.54997182887266,249.54997182887266,249.54997182887266
2023-09-26,254.09881227160253,254.09881227160253,254.09881227160253,254.09881227160253
2023-09-27,250.7675013721072,250.7675013721072,250.7675013721072,250.7675013721072
